Week,Presence_Rate,Citation_Rate,Accuracy_Rate,AI_Referral_Sessions,AI_Demos,AI_CVR,Branded_Impressions,Branded_Clicks,AI_SelfReported_Opps,AI_Pipeline_USD
2026-05-04,#REF!,#REF!,0.0%,#REF!,#REF!,0.0%,#REF!,#REF!,0,#N/A
2026-05-11,#REF!,#REF!,0.0%,#REF!,#REF!,0.0%,#REF!,#REF!,0,#N/A
2026-05-18,#REF!,#REF!,0.0%,#REF!,#REF!,0.0%,#REF!,#REF!,0,#N/A
2026-05-25,#REF!,#REF!,0.0%,#REF!,#REF!,0.0%,#REF!,#REF!,0,#N/A
2026-06-01,#REF!,#REF!,0.0%,#REF!,#REF!,0.0%,#REF!,#REF!,0,#N/A
2026-06-08,#REF!,#REF!,0.0%,#REF!,#REF!,0.0%,#REF!,#REF!,0,#N/A
2026-06-15,#REF!,#REF!,0.0%,#REF!,#REF!,0.0%,#REF!,#REF!,0,#N/A
2026-06-22,#REF!,#REF!,0.0%,#REF!,#REF!,0.0%,#REF!,#REF!,0,#N/A
2026-06-29,#REF!,#REF!,0.0%,#REF!,#REF!,0.0%,#REF!,#REF!,0,#N/A
2026-07-06,#REF!,#REF!,0.0%,#REF!,#REF!,0.0%,#REF!,#REF!,0,#N/A
2026-07-13,#REF!,#REF!,0.0%,#REF!,#REF!,0.0%,#REF!,#REF!,0,#N/A
2026-07-20,#REF!,#REF!,0.0%,#REF!,#REF!,0.0%,#REF!,#REF!,0,#N/A
2026-07-27,#REF!,#REF!,0.0%,#REF!,#REF!,0.0%,#REF!,#REF!,0,#N/A
2026-08-03,#REF!,#REF!,0.0%,#REF!,#REF!,0.0%,#REF!,#REF!,0,#N/A
2026-08-10,#REF!,#REF!,0.0%,#REF!,#REF!,0.0%,#REF!,#REF!,0,#N/A
2026-08-17,#REF!,#REF!,0.0%,#REF!,#REF!,0.0%,#REF!,#REF!,0,#N/A