Week,Query_Type,Impressions,Clicks,CTR
2026-05-04,Branded,1967,582,29.6%
2026-05-04,Non-branded,16787,594,3.5%
2026-05-11,Branded,1940,557,28.7%
2026-05-11,Non-branded,17039,559,3.3%
2026-05-18,Branded,2056,623,30.3%
2026-05-18,Non-branded,16668,572,3.4%
2026-05-25,Branded,2079,587,28.2%
2026-05-25,Non-branded,16710,606,3.6%
2026-06-01,Branded,2235,688,30.8%
2026-06-01,Non-branded,17223,661,3.8%
2026-06-08,Branded,2242,613,27.3%
2026-06-08,Non-branded,16737,531,3.2%
2026-06-15,Branded,2334,699,29.9%
2026-06-15,Non-branded,17161,643,3.7%
2026-06-22,Branded,2647,721,27.2%
2026-06-22,Non-branded,17889,634,3.5%
2026-06-29,Branded,2784,826,29.7%
2026-06-29,Non-branded,17460,590,3.4%
2026-07-06,Branded,3065,942,30.7%
2026-07-06,Non-branded,17603,667,3.8%
2026-07-13,Branded,3274,890,27.2%
2026-07-13,Non-branded,17594,629,3.6%
2026-07-20,Branded,3375,925,27.4%
2026-07-20,Non-branded,17949,586,3.3%
2026-07-27,Branded,3648,1055,28.9%
2026-07-27,Non-branded,18427,587,3.2%
2026-08-03,Branded,3817,1086,28.5%
2026-08-03,Non-branded,18470,613,3.3%
2026-08-10,Branded,3927,1187,30.2%
2026-08-10,Non-branded,18685,663,3.5%
2026-08-17,Branded,4261,1289,30.3%
2026-08-17,Non-branded,18578,676,3.6%